{
  "client_dll": {
    "data": {
      "dwEntityList": {
        "value": 25963864,
        "comment": null
      },
      "dwForceAttack": {
        "value": 24313888,
        "comment": null
      },
      "dwForceAttack2": {
        "value": 24314032,
        "comment": null
      },
      "dwForceBackward": {
        "value": 24314608,
        "comment": null
      },
      "dwForceCrouch": {
        "value": 24315328,
        "comment": null
      },
      "dwForceForward": {
        "value": 24314464,
        "comment": null
      },
      "dwForceJump": {
        "value": 24315184,
        "comment": null
      },
      "dwForceLeft": {
        "value": 24314752,
        "comment": null
      },
      "dwForceRight": {
        "value": 24314896,
        "comment": null
      },
      "dwGameEntitySystem": {
        "value": 27133840,
        "comment": null
      },
      "dwGameEntitySystem_getHighestEntityIndex": {
        "value": 5392,
        "comment": null
      },
      "dwGameRules": {
        "value": 26344608,
        "comment": null
      },
      "dwGlobalVars": {
        "value": 24292256,
        "comment": null
      },
      "dwGlowManager": {
        "value": 26345664,
        "comment": null
      },
      "dwInterfaceLinkList": {
        "value": 27334872,
        "comment": null
      },
      "dwLocalPlayerController": {
        "value": 26289528,
        "comment": null
      },
      "dwLocalPlayerPawn": {
        "value": 24342952,
        "comment": null
      },
      "dwPlantedC4": {
        "value": 26381016,
        "comment": null
      },
      "dwPrediction": {
        "value": 24342640,
        "comment": null
      },
      "dwSensitivity": {
        "value": 26348008,
        "comment": null
      },
      "dwSensitivity_sensitivity": {
        "value": 64,
        "comment": null
      },
      "dwViewAngles": {
        "value": 26413488,
        "comment": null
      },
      "dwViewMatrix": {
        "value": 26362272,
        "comment": null
      },
      "dwViewRender": {
        "value": 26364448,
        "comment": null
      }
    },
    "comment": "client.dll"
  },
  "engine2_dll": {
    "data": {
      "dwBuildNumber": {
        "value": 5326196,
        "comment": null
      },
      "dwNetworkGameClient": {
        "value": 5323464,
        "comment": null
      },
      "dwNetworkGameClient_deltaTick": {
        "value": 600,
        "comment": null
      },
      "dwNetworkGameClient_getLocalPlayer": {
        "value": 240,
        "comment": null
      },
      "dwNetworkGameClient_maxClients": {
        "value": 592,
        "comment": null
      },
      "dwNetworkGameClient_signOnState": {
        "value": 576,
        "comment": null
      },
      "dwWindowHeight": {
        "value": 6081756,
        "comment": null
      },
      "dwWindowWidth": {
        "value": 6081752,
        "comment": null
      }
    },
    "comment": "engine2.dll"
  },
  "game_info": {
    "data": {
      "buildNumber": {
        "value": 14000,
        "comment": "Game build number"
      }
    },
    "comment": "Some additional information about the game at dump time"
  },
  "inputsystem_dll": {
    "data": {
      "dwInputSystem": {
        "value": 223136,
        "comment": null
      }
    },
    "comment": "inputsystem.dll"
  },
  "matchmaking_dll": {
    "data": {
      "dwGameTypes": {
        "value": 1909216,
        "comment": null
      },
      "dwGameTypes_mapName": {
        "value": 1909504,
        "comment": null
      }
    },
    "comment": "matchmaking.dll"
  }
}